{
  "baseline_cnn": {
    "mse": 0.017130999999999997,
    "tmae": 0.08352333333333334,
    "smae": 0.009663333333333335,
    "bmae": 0.04487333333333333,
    "time": 320.8833333333333
  },
  "cnn_gru": {
    "mse": 0.026919333333333333,
    "tmae": 0.12952666666666665,
    "smae": 0.014743333333333332,
    "bmae": 0.07337666666666666,
    "time": 101.14444444444446
  },
  "gru_only": {
    "mse": 0.031093,
    "tmae": 0.14508666666666667,
    "smae": 0.019193333333333337,
    "bmae": 0.08996333333333334,
    "time": 176.4716666666667
  }
}